"British Columbia Employment by Detailed Industry, Annual Averages",,,,,,,,,,,,,,,,,,,,,,,,,,,,,,,,,,,,,,,
,,,,,,,,,,,,,,,,,,,,,,,,,,,,,,,,,,,,,,,
,,1987,1988,1989,1990,1991,1992,1993,1994,1995,1996,1997,1998,1999,2000,2001,2002,2003,2004,2005,2006,2007,2008,2009,2010,2011,2012,2013,2014,2015,2016,2017,2018,2019,,,,,
,,,,,,,,,,,,,,,,,,,,(thousands of persons),,,,,,,,,,,,,,,,,,,
All Industries,," 	1,377.7 "," 	1,434.6 "," 	1,508.3 "," 	1,559.6 "," 	1,577.5 "," 	1,617.2 "," 	1,668.0 "," 	1,743.2 "," 	1,785.6 "," 	1,813.4 "," 	1,859.9 "," 	1,857.7 "," 	1,893.7 "," 	1,930.8 "," 	1,920.9 "," 	1,952.4 "," 	1,998.1 "," 	2,028.3 "," 	2,089.7 "," 	2,140.8 "," 	2,206.0 "," 	2,241.9 "," 	2,191.9 "," 	2,223.0 "," 	2,227.8 "," 	2,262.5 "," 	2,265.6 "," 	2,278.4 "," 	2,306.2 "," 	2,379.5 "," 	2,466.8 "," 	2,493.6 "," 	2,559.0 ",,,,,
Goods-Producing Sector,"11,21,22,23,31,32,33", 	333.8 , 	351.5 , 	383.8 , 	389.0 , 	377.7 , 	371.0 , 	382.8 , 	401.5 , 	405.1 , 	408.8 , 	419.1 , 	408.8 , 	391.9 , 	407.2 , 	383.8 , 	392.8 , 	413.0 , 	431.2 , 	445.1 , 	452.7 , 	480.6 , 	486.1 , 	441.4 , 	436.6 , 	431.7 , 	441.4 , 	442.1 , 	449.9 , 	459.1 , 	470.1 , 	491.7 , 	500.0 , 	485.6 ,,,,,
Agriculture,"1100 - 1129, 1151 - 1152", 	31.7 , 	31.1 , 	32.0 , 	28.1 , 	30.3 , 	29.2 , 	32.7 , 	29.8 , 	25.7 , 	30.3 , 	33.0 , 	32.6 , 	28.7 , 	29.7 , 	25.6 , 	29.8 , 	33.2 , 	36.0 , 	38.3 , 	34.9 , 	34.9 , 	33.8 , 	31.6 , 	29.7 , 	25.6 , 	23.8 , 	28.0 , 	24.3 , 	22.2 , 	24.4 , 	26.2 , 	23.6 , 	26.6 ,,,,,
   Crop Production,1111 - 1119, 	15.5 , 	12.8 , 	13.3 , 	11.3 , 	14.6 , 	11.5 , 	15.3 , 	13.3 , 	14.1 , 	13.4 , 	13.5 , 	16.9 , 	14.2 , 	16.2 , 	11.1 , 	16.5 , 	15.8 , 	20.6 , 	19.6 , 	18.6 , 	16.1 , 	15.1 , 	17.3 , 	14.2 , 	13.6 , 	11.1 , 	14.0 , 	12.4 , 	12.4 , 	13.5 , 	12.0 , 	13.0 , 	14.8 ,,,,,
   Animal Production,1121 - 1129, 	14.1 , 	14.8 , 	16.4 , 	14.3 , 	13.6 , 	14.3 , 	14.2 , 	13.8 , 	9.0 , 	12.2 , 	15.2 , 	12.4 , 	11.5 , 	10.4 , 	12.2 , 	10.9 , 	13.6 , 	11.5 , 	14.2 , 	12.2 , 	14.4 , 	15.0 , 	12.6 , 	12.9 , 	9.2 , 	9.7 , 	10.3 , 	8.0 , 	6.8 , 	8.9 , 	10.2 , 	8.4 , 	9.8 ,,,,,
   Mix farming,1100, 	1.6 , 	2.4 , 	1.7 , 	-   , 	-   , 	2.7 , 	2.8 , 	2.0 , 	-   , 	2.2 , 	2.6 , 	1.6 , 	-   , 	-   , 	-   , 	-   , 	1.6 , 	-   , 	3.0 , 	2.5 , 	3.2 , 	-   , 	-   , 	-   , 	-   , 	-   , 	1.6 , 	1.7 , 	-   , 	-   , 	1.5 , 	-   , 	-   ,,,,,
   Support Activities for Agriculture,1151 - 1152, 	-   , 	-   , 	-   , 	-   , 	-   , 	-   , 	-   , 	-   , 	1.5 , 	2.5 , 	1.6 , 	1.6 , 	2.0 , 	1.7 , 	-   , 	1.8 , 	2.2 , 	2.8 , 	1.5 , 	1.6 , 	-   , 	2.5 , 	-   , 	1.7 , 	2.1 , 	1.8 , 	2.0 , 	2.2 , 	1.6 , 	-   , 	2.4 , 	1.6 , 	-   ,,,,,
"Forestry, fishing, mining, quarrying, oil and gas","1131 - 1142, 1153, 2100 - 2131", 	49.5 , 	50.3 , 	55.0 , 	52.1 , 	51.4 , 	47.2 , 	44.3 , 	49.5 , 	54.8 , 	54.7 , 	55.2 , 	51.5 , 	48.5 , 	52.6 , 	41.2 , 	37.4 , 	44.5 , 	35.7 , 	37.5 , 	43.5 , 	46.7 , 	43.8 , 	39.6 , 	41.7 , 	40.8 , 	43.1 , 	46.8 , 	50.0 , 	48.3 , 	50.8 , 	49.8 , 	49.7 , 	44.5 ,,,,,
   Forestry and Logging with support activities,"1131 - 1133, 1153", 	24.0 , 	25.3 , 	26.5 , 	26.3 , 	26.8 , 	26.3 , 	26.2 , 	31.1 , 	36.1 , 	32.0 , 	32.9 , 	30.2 , 	29.9 , 	35.5 , 	25.1 , 	25.1 , 	26.9 , 	21.5 , 	21.6 , 	21.7 , 	24.1 , 	17.2 , 	13.8 , 	16.3 , 	14.6 , 	16.2 , 	17.6 , 	19.2 , 	19.4 , 	19.4 , 	18.6 , 	17.8 , 	16.1 ,,,,,
"   Fishing, Hunting and Trapping",1141 - 1142, 	6.1 , 	6.4 , 	7.1 , 	6.9 , 	6.7 , 	4.9 , 	6.3 , 	6.3 , 	4.5 , 	5.2 , 	5.5 , 	3.4 , 	3.8 , 	4.3 , 	4.7 , 	3.1 , 	4.5 , 	2.9 , 	2.1 , 	2.7 , 	2.9 , 	2.1 , 	2.2 , 	2.0 , 	-   , 	1.8 , 	1.6 , 	2.0 , 	1.6 , 	1.6 , 	2.3 , 	3.3 , 	1.8 ,,,,,
   Mining and Oil and Gas Extraction,2100 - 2131, 	19.4 , 	18.6 , 	21.5 , 	18.9 , 	17.9 , 	15.9 , 	11.8 , 	12.1 , 	14.2 , 	17.5 , 	16.8 , 	17.9 , 	14.8 , 	12.8 , 	11.4 , 	9.2 , 	13.1 , 	11.3 , 	13.8 , 	19.1 , 	19.7 , 	24.5 , 	23.6 , 	23.4 , 	24.8 , 	25.1 , 	27.6 , 	28.7 , 	27.4 , 	29.8 , 	28.9 , 	28.6 , 	26.5 ,,,,,
      Oil and Gas Extraction,2111, 	1.9 , 	1.8 , 	2.9 , 	-   , 	2.0 , 	-   , 	1.7 , 	2.2 , 	1.7 , 	1.6 , 	1.6 , 	3.0 , 	1.5 , 	-   , 	1.8 , 	2.0 , 	2.5 , 	2.5 , 	2.5 , 	3.6 , 	1.8 , 	2.1 , 	3.0 , 	3.0 , 	3.5 , 	3.3 , 	4.2 , 	6.2 , 	5.1 , 	3.9 , 	5.0 , 	4.2 , 	5.1 ,,,,,
      Mining (except Oil and Gas) & Mix Mining,"2121 - 2123, 2100", 	14.6 , 	13.0 , 	14.5 , 	12.4 , 	12.5 , 	11.0 , 	7.7 , 	6.5 , 	9.6 , 	12.8 , 	10.6 , 	10.1 , 	9.8 , 	8.6 , 	5.9 , 	4.2 , 	6.4 , 	3.9 , 	7.0 , 	8.0 , 	9.9 , 	13.4 , 	12.1 , 	12.0 , 	13.8 , 	13.6 , 	13.8 , 	13.2 , 	14.6 , 	16.6 , 	16.6 , 	16.6 , 	13.9 ,,,,,
      Support Activities for Mining and Oil and Gas Extraction,2131, 	2.9 , 	3.8 , 	4.0 , 	5.1 , 	3.4 , 	3.6 , 	2.5 , 	3.4 , 	2.9 , 	3.2 , 	4.6 , 	4.8 , 	3.6 , 	3.0 , 	3.7 , 	3.0 , 	4.2 , 	4.9 , 	4.4 , 	7.5 , 	8.0 , 	9.1 , 	8.5 , 	8.4 , 	7.5 , 	8.2 , 	9.6 , 	9.4 , 	7.6 , 	9.3 , 	7.4 , 	7.8 , 	7.5 ,,,,,
Utilities,2211 - 2213, 	9.3 , 	9.5 , 	11.0 , 	12.5 , 	12.4 , 	11.2 , 	12.2 , 	12.5 , 	10.6 , 	10.3 , 	10.0 , 	11.3 , 	11.2 , 	10.4 , 	10.6 , 	10.9 , 	11.1 , 	9.1 , 	10.2 , 	8.2 , 	9.9 , 	12.5 , 	11.9 , 	12.2 , 	11.3 , 	11.1 , 	11.2 , 	13.7 , 	14.5 , 	13.5 , 	12.9 , 	13.9 , 	12.2 ,,,,,
Construction,2361 - 2389, 	80.4 , 	91.6 , 	108.4 , 	119.7 , 	113.2 , 	116.3 , 	116.1 , 	125.7 , 	126.0 , 	120.0 , 	124.1 , 	118.7 , 	113.6 , 	112.1 , 	112.3 , 	116.8 , 	117.6 , 	142.1 , 	165.8 , 	174.7 , 	191.7 , 	218.1 , 	203.7 , 	198.4 , 	197.1 , 	198.6 , 	204.4 , 	200.5 , 	201.5 , 	211.3 , 	228.6 , 	238.4 , 	236.6 ,,,,,
  Construction of Buildings,2361-2362, 	20.6 , 	28.1 , 	30.9 , 	34.9 , 	32.9 , 	32.4 , 	30.4 , 	32.6 , 	28.4 , 	29.2 , 	25.2 , 	23.1 , 	26.2 , 	27.1 , 	27.8 , 	27.3 , 	31.4 , 	34.3 , 	51.2 , 	46.1 , 	45.9 , 	60.4 , 	53.9 , 	57.6 , 	57.1 , 	53.3 , 	63.3 , 	69.4 , 	67.0 , 	68.7 , 	80.3 , 	80.5 , 	74.8 ,,,,,
     Residential Building Construction,2361, 	16.3 , 	21.5 , 	24.5 , 	27.3 , 	25.5 , 	26.9 , 	22.6 , 	25.1 , 	21.0 , 	19.3 , 	17.5 , 	16.2 , 	18.0 , 	19.1 , 	19.5 , 	18.0 , 	21.6 , 	23.4 , 	40.7 , 	38.7 , 	34.8 , 	48.1 , 	45.2 , 	48.6 , 	46.1 , 	42.2 , 	50.7 , 	58.8 , 	57.0 , 	58.8 , 	64.6 , 	66.8 , 	60.3 ,,,,,
     Non-residential Building Construction,2362, 	4.4 , 	6.6 , 	6.4 , 	7.6 , 	7.4 , 	5.5 , 	7.8 , 	7.5 , 	7.4 , 	10.0 , 	7.7 , 	6.9 , 	8.2 , 	8.0 , 	8.4 , 	9.3 , 	9.7 , 	10.9 , 	10.5 , 	7.5 , 	11.0 , 	12.3 , 	8.7 , 	9.0 , 	11.0 , 	11.1 , 	12.6 , 	10.6 , 	10.1 , 	9.9 , 	15.7 , 	13.7 , 	14.5 ,,,,,
  Heavy and Civil Engineering Construction,2371-2379, 	13.4 , 	14.2 , 	14.9 , 	12.9 , 	15.1 , 	12.3 , 	14.2 , 	14.9 , 	16.7 , 	14.7 , 	16.0 , 	15.6 , 	15.3 , 	15.1 , 	12.4 , 	13.8 , 	15.1 , 	16.2 , 	14.1 , 	18.2 , 	18.8 , 	23.7 , 	23.2 , 	21.2 , 	21.8 , 	24.9 , 	21.9 , 	21.5 , 	21.2 , 	21.2 , 	22.0 , 	25.2 , 	26.7 ,,,,,
     Utility System Construction,2371, 	-   , 	1.7 , 	2.2 , 	2.5 , 	3.0 , 	2.6 , 	3.2 , 	1.5 , 	3.1 , 	4.3 , 	3.2 , 	2.8 , 	2.7 , 	2.9 , 	2.8 , 	3.4 , 	2.9 , 	4.6 , 	3.1 , 	3.3 , 	3.5 , 	4.2 , 	4.9 , 	4.5 , 	5.0 , 	8.0 , 	6.2 , 	7.3 , 	7.8 , 	5.7 , 	5.8 , 	7.2 , 	7.2 ,,,,,
     Land Subdivision,2372, 	-   , 	2.2 , 	2.3 , 	-   , 	2.1 , 	-   , 	-   , 	1.8 , 	2.7 , 	2.8 , 	2.4 , 	2.2 , 	2.1 , 	1.8 , 	-   , 	2.3 , 	2.0 , 	1.9 , 	2.5 , 	3.5 , 	3.7 , 	5.4 , 	5.1 , 	3.9 , 	3.8 , 	4.0 , 	2.4 , 	-   , 	3.6 , 	5.5 , 	3.2 , 	5.7 , 	7.5 ,,,,,
"     Highway, Street and Bridge Construction",2373, 	9.5 , 	9.3 , 	9.7 , 	7.8 , 	8.7 , 	8.0 , 	9.2 , 	9.8 , 	9.4 , 	5.9 , 	8.2 , 	9.8 , 	7.9 , 	8.7 , 	7.8 , 	6.5 , 	8.4 , 	8.1 , 	7.8 , 	9.2 , 	9.8 , 	12.1 , 	11.9 , 	11.6 , 	10.7 , 	9.9 , 	11.4 , 	10.5 , 	7.8 , 	8.6 , 	10.6 , 	10.7 , 	9.8 ,,,,,
     Other Heavy and Civil Engineering Construction,2379, 	1.6 , 	-   , 	-   , 	1.5 , 	-   , 	-   , 	-   , 	1.7 , 	1.5 , 	1.8 , 	2.1 , 	-   , 	2.6 , 	1.7 , 	-   , 	1.6 , 	1.8 , 	1.6 , 	-   , 	2.1 , 	1.9 , 	1.9 , 	-   , 	-   , 	2.2 , 	3.0 , 	2.0 , 	2.3 , 	2.0 , 	1.5 , 	2.5 , 	1.6 , 	2.2 ,,,,,
   Trade Contracting,2381 - 2389, 	46.4 , 	49.2 , 	62.5 , 	71.8 , 	65.1 , 	71.6 , 	71.6 , 	78.3 , 	80.9 , 	76.0 , 	82.9 , 	80.1 , 	72.1 , 	69.9 , 	72.0 , 	75.7 , 	71.2 , 	91.6 , 	100.5 , 	110.4 , 	127.0 , 	134.0 , 	126.6 , 	119.6 , 	118.3 , 	120.4 , 	119.2 , 	109.7 , 	113.2 , 	121.5 , 	126.2 , 	132.7 , 	135.1 ,,,,,
     Foundation Structure and Building Exterior Contractors,2381, 	11.2 , 	11.1 , 	17.6 , 	15.3 , 	15.1 , 	18.5 , 	17.7 , 	17.5 , 	15.2 , 	16.5 , 	13.9 , 	15.0 , 	15.3 , 	9.7 , 	14.0 , 	11.8 , 	12.2 , 	15.2 , 	25.5 , 	20.5 , 	24.7 , 	32.7 , 	29.9 , 	28.0 , 	31.0 , 	30.3 , 	27.2 , 	25.5 , 	25.6 , 	27.8 , 	26.3 , 	25.9 , 	28.2 ,,,,,
     Building Equipment Contractors,2382, 	16.6 , 	15.0 , 	18.9 , 	26.6 , 	20.2 , 	19.1 , 	18.9 , 	20.3 , 	20.8 , 	20.7 , 	22.9 , 	20.7 , 	21.7 , 	23.7 , 	23.5 , 	23.7 , 	22.7 , 	27.5 , 	29.8 , 	33.4 , 	43.5 , 	45.9 , 	41.8 , 	42.8 , 	42.1 , 	44.1 , 	46.4 , 	43.3 , 	44.6 , 	50.1 , 	53.5 , 	61.5 , 	58.7 ,,,,,
     Building Finishing Contractors,2383, 	10.8 , 	11.9 , 	14.1 , 	17.0 , 	15.8 , 	17.6 , 	18.3 , 	18.9 , 	22.6 , 	20.2 , 	25.5 , 	21.8 , 	19.7 , 	23.5 , 	19.9 , 	25.8 , 	21.5 , 	30.5 , 	29.8 , 	35.5 , 	33.4 , 	32.1 , 	35.5 , 	36.0 , 	30.9 , 	31.6 , 	31.0 , 	30.0 , 	30.5 , 	28.9 , 	33.8 , 	32.2 , 	31.4 ,,,,,
     Other Specialty Trade Contractors,2389, 	7.7 , 	11.2 , 	12.0 , 	12.9 , 	14.1 , 	16.4 , 	16.7 , 	21.6 , 	22.4 , 	18.6 , 	20.7 , 	22.6 , 	15.4 , 	13.0 , 	14.6 , 	14.4 , 	14.7 , 	18.4 , 	15.4 , 	21.0 , 	25.4 , 	23.3 , 	19.4 , 	12.8 , 	14.4 , 	14.5 , 	14.6 , 	11.0 , 	12.6 , 	14.7 , 	12.6 , 	13.1 , 	16.8 ,,,,,
Manufacturing,3111 - 3399, 	162.9 , 	169.1 , 	177.4 , 	176.6 , 	170.5 , 	167.1 , 	177.6 , 	184.0 , 	188.1 , 	193.5 , 	196.8 , 	194.6 , 	190.0 , 	202.5 , 	194.1 , 	197.9 , 	206.5 , 	208.4 , 	193.4 , 	191.3 , 	197.4 , 	177.9 , 	154.5 , 	154.6 , 	156.8 , 	164.8 , 	151.7 , 	161.4 , 	172.5 , 	170.1 , 	174.2 , 	174.3 , 	165.7 ,,,,,
   Food Manufacturing,3111 - 3119, 	19.4 , 	18.3 , 	18.5 , 	16.5 , 	16.8 , 	18.6 , 	19.4 , 	25.0 , 	19.1 , 	21.2 , 	22.2 , 	21.7 , 	18.1 , 	19.6 , 	22.1 , 	23.7 , 	27.1 , 	25.4 , 	25.9 , 	18.8 , 	22.0 , 	23.3 , 	23.5 , 	20.6 , 	22.6 , 	24.6 , 	21.9 , 	21.9 , 	26.6 , 	29.5 , 	25.4 , 	29.6 , 	29.1 ,,,,,
   Beverage and Tobacco Product Manufacturing,3121 - 3122, 	4.6 , 	4.7 , 	2.9 , 	4.8 , 	5.2 , 	2.3 , 	2.5 , 	1.7 , 	2.9 , 	2.6 , 	3.0 , 	3.7 , 	3.3 , 	3.9 , 	3.5 , 	3.3 , 	4.3 , 	5.7 , 	5.0 , 	4.7 , 	5.2 , 	5.7 , 	3.8 , 	4.3 , 	6.1 , 	4.4 , 	4.8 , 	6.2 , 	6.4 , 	7.4 , 	7.2 , 	6.9 , 	6.6 ,,,,,
   Textile Mills & Textile Product Mills,"3131 - 3133, 3141 - 3149", 	1.7 , 	3.1 , 	2.8 , 	2.2 , 	-   , 	-   , 	2.4 , 	1.5 , 	2.7 , 	2.3 , 	-   , 	2.6 , 	2.1 , 	2.7 , 	2.9 , 	3.3 , 	1.8 , 	2.0 , 	2.1 , 	-   , 	1.6 , 	-   , 	-   , 	2.1 , 	2.2 , 	-   , 	-   , 	2.6 , 	-   , 	2.3 , 	1.8 , 	-   , 	-   ,,,,,
   Clothing Manufacturing & Leather & Allied Product Manufacturing,"3151 - 3159, 3161 - 3169", 	4.8 , 	3.8 , 	4.2 , 	5.0 , 	6.1 , 	4.9 , 	6.2 , 	6.1 , 	5.9 , 	6.6 , 	4.0 , 	6.2 , 	7.2 , 	7.8 , 	9.3 , 	5.3 , 	5.6 , 	9.5 , 	5.1 , 	6.0 , 	6.9 , 	5.4 , 	3.6 , 	3.2 , 	4.4 , 	3.6 , 	3.1 , 	4.2 , 	3.3 , 	3.3 , 	3.5 , 	5.6 , 	3.9 ,,,,,
   Wood Product Manufacturing,3211 - 3219, 	47.3 , 	43.7 , 	50.0 , 	48.7 , 	43.2 , 	47.5 , 	51.7 , 	51.5 , 	45.6 , 	45.1 , 	47.0 , 	45.3 , 	44.7 , 	47.8 , 	51.3 , 	48.2 , 	51.4 , 	48.8 , 	47.4 , 	47.4 , 	47.2 , 	37.2 , 	31.4 , 	30.8 , 	32.4 , 	29.2 , 	30.2 , 	33.7 , 	36.0 , 	32.0 , 	27.8 , 	23.9 , 	21.0 ,,,,,
   Paper Manufacturing,3221 - 3222, 	17.6 , 	20.8 , 	24.5 , 	19.3 , 	20.2 , 	19.9 , 	21.3 , 	21.3 , 	23.8 , 	22.9 , 	22.9 , 	22.5 , 	22.1 , 	17.7 , 	14.6 , 	16.8 , 	14.3 , 	12.0 , 	11.9 , 	14.7 , 	14.9 , 	12.9 , 	10.3 , 	9.4 , 	8.7 , 	11.4 , 	10.5 , 	12.2 , 	10.1 , 	8.5 , 	10.7 , 	8.8 , 	9.0 ,,,,,
   Printing and Related Support Activities,3231, 	8.0 , 	8.4 , 	7.6 , 	6.8 , 	6.4 , 	8.3 , 	7.9 , 	9.7 , 	8.7 , 	11.5 , 	9.6 , 	8.4 , 	8.8 , 	10.9 , 	8.5 , 	8.5 , 	7.8 , 	7.8 , 	7.7 , 	7.9 , 	6.0 , 	8.3 , 	7.2 , 	6.0 , 	7.3 , 	7.9 , 	6.5 , 	5.5 , 	8.5 , 	4.5 , 	7.4 , 	7.1 , 	3.6 ,,,,,
   Petroleum and Coal Products Manufacturing,3241, 	2.0 , 	-   , 	2.0 , 	1.8 , 	2.0 , 	-   , 	-   , 	-   , 	-   , 	1.8 , 	1.8 , 	-   , 	-   , 	-   , 	-   , 	-   , 	2.0 , 	-   , 	-   , 	-   , 	-   , 	-   , 	-   , 	1.8 , 	-   , 	-   , 	-   , 	-   , 	-   , 	-   , 	-   , 	-   , 	-   ,,,,,
   Chemical Manufacturing,3251 - 3259, 	2.8 , 	2.5 , 	3.0 , 	4.6 , 	4.1 , 	3.7 , 	5.0 , 	5.1 , 	6.6 , 	7.2 , 	3.9 , 	6.5 , 	6.8 , 	7.7 , 	5.7 , 	6.4 , 	7.1 , 	8.4 , 	6.3 , 	5.8 , 	5.5 , 	6.7 , 	5.3 , 	4.8 , 	4.4 , 	6.5 , 	6.5 , 	7.1 , 	8.7 , 	6.1 , 	7.6 , 	7.8 , 	6.2 ,,,,,
   Plastics and Rubber Products Manufacturing,3261 - 3262, 	4.2 , 	3.9 , 	4.1 , 	4.4 , 	3.3 , 	3.2 , 	4.7 , 	4.7 , 	6.5 , 	4.5 , 	7.4 , 	5.3 , 	5.0 , 	8.0 , 	6.8 , 	5.7 , 	7.2 , 	7.5 , 	6.7 , 	7.3 , 	8.7 , 	4.6 , 	5.8 , 	3.8 , 	4.1 , 	4.5 , 	6.4 , 	4.3 , 	4.8 , 	5.1 , 	7.6 , 	4.8 , 	2.8 ,,,,,
   Non-Metallic Mineral Product Manufacturing,3271 - 3279, 	3.4 , 	5.7 , 	4.2 , 	5.2 , 	6.9 , 	6.8 , 	5.4 , 	3.8 , 	5.5 , 	7.2 , 	5.8 , 	5.4 , 	5.4 , 	6.3 , 	5.2 , 	6.8 , 	5.6 , 	7.6 , 	6.4 , 	8.1 , 	8.1 , 	7.3 , 	7.0 , 	6.7 , 	6.8 , 	5.8 , 	4.6 , 	5.1 , 	5.0 , 	4.4 , 	6.5 , 	5.3 , 	7.5 ,,,,,
   Primary Metal Manufacturing,3311 - 3315, 	9.6 , 	10.6 , 	9.6 , 	11.6 , 	9.8 , 	7.9 , 	8.4 , 	8.9 , 	11.7 , 	11.4 , 	9.1 , 	8.7 , 	9.4 , 	10.5 , 	8.0 , 	5.6 , 	9.2 , 	6.7 , 	6.5 , 	6.6 , 	5.8 , 	4.9 , 	5.1 , 	6.7 , 	5.8 , 	5.5 , 	5.0 , 	2.3 , 	5.0 , 	3.1 , 	3.9 , 	5.2 , 	6.3 ,,,,,
   Fabricated Metal Product Manufacturing,3321 - 3329, 	9.6 , 	11.2 , 	9.7 , 	10.2 , 	10.9 , 	9.7 , 	9.0 , 	9.1 , 	10.2 , 	9.2 , 	10.6 , 	10.3 , 	12.3 , 	12.4 , 	13.4 , 	13.1 , 	13.8 , 	14.5 , 	17.6 , 	14.7 , 	15.1 , 	15.7 , 	11.8 , 	12.2 , 	11.2 , 	13.8 , 	11.1 , 	12.3 , 	15.7 , 	13.8 , 	12.9 , 	13.3 , 	13.2 ,,,,,
   Machinery Manufacturing,3331 - 3339, 	4.9 , 	3.8 , 	5.5 , 	6.8 , 	6.3 , 	5.4 , 	4.2 , 	4.4 , 	6.9 , 	6.3 , 	8.6 , 	8.8 , 	8.0 , 	7.9 , 	6.5 , 	10.1 , 	8.8 , 	9.6 , 	9.7 , 	8.7 , 	8.6 , 	5.8 , 	6.3 , 	7.0 , 	9.0 , 	9.7 , 	9.4 , 	8.6 , 	7.9 , 	10.2 , 	9.9 , 	8.6 , 	11.7 ,,,,,
   Computer and Electronic Product Manufacturing,3341 - 3346, 	2.1 , 	3.1 , 	5.7 , 	6.2 , 	4.8 , 	3.4 , 	5.0 , 	6.6 , 	6.9 , 	6.0 , 	6.9 , 	8.1 , 	7.9 , 	7.6 , 	7.0 , 	10.1 , 	10.1 , 	9.9 , 	7.8 , 	8.0 , 	7.0 , 	6.3 , 	4.4 , 	6.9 , 	6.2 , 	7.0 , 	6.2 , 	8.0 , 	7.2 , 	8.1 , 	8.1 , 	8.4 , 	7.0 ,,,,,
"   Electrical Equipment, Appliance and Component Manufacturing",3351 - 3359, 	-   , 	3.1 , 	2.6 , 	2.5 , 	4.3 , 	2.6 , 	2.1 , 	4.0 , 	3.0 , 	3.8 , 	3.5 , 	2.9 , 	3.7 , 	3.9 , 	3.1 , 	3.1 , 	2.8 , 	3.9 , 	3.0 , 	3.1 , 	2.6 , 	4.2 , 	1.6 , 	2.4 , 	1.7 , 	3.9 , 	2.9 , 	3.8 , 	3.6 , 	4.0 , 	4.8 , 	5.0 , 	3.9 ,,,,,
   Transportation Equipment Manufacturing,3361 - 3369, 	9.8 , 	7.8 , 	9.3 , 	9.5 , 	9.3 , 	8.0 , 	6.9 , 	8.0 , 	9.0 , 	8.8 , 	12.9 , 	12.7 , 	12.8 , 	13.2 , 	10.4 , 	13.5 , 	12.0 , 	11.5 , 	9.0 , 	9.4 , 	12.0 , 	9.3 , 	9.6 , 	8.6 , 	8.8 , 	10.9 , 	8.5 , 	9.6 , 	8.2 , 	9.1 , 	9.5 , 	11.2 , 	10.2 ,,,,,
"      Motor Vehicle, Body, Trailer & Parts Manufacturing",3361 - 3363, 	3.4 , 	3.0 , 	4.5 , 	3.0 , 	4.0 , 	2.9 , 	2.6 , 	4.7 , 	3.8 , 	3.4 , 	4.5 , 	4.6 , 	7.2 , 	5.0 , 	3.9 , 	5.0 , 	5.1 , 	2.9 , 	3.4 , 	3.9 , 	4.5 , 	4.8 , 	1.7 , 	2.6 , 	4.3 , 	3.6 , 	4.0 , 	4.2 , 	3.9 , 	2.9 , 	3.0 , 	4.7 , 	1.9 ,,,,,
      Other Transportation Equipment Manufacturing,3364 - 3369, 	6.4 , 	4.8 , 	4.8 , 	6.5 , 	5.3 , 	5.2 , 	4.3 , 	3.3 , 	5.2 , 	5.5 , 	8.4 , 	8.1 , 	5.6 , 	8.2 , 	6.5 , 	8.5 , 	6.9 , 	8.6 , 	5.6 , 	5.5 , 	7.5 , 	4.5 , 	7.9 , 	6.0 , 	4.5 , 	7.3 , 	4.5 , 	5.4 , 	4.3 , 	6.2 , 	6.4 , 	6.6 , 	8.3 ,,,,,
   Furniture and Related Product Manufacturing,3371 - 3379, 	5.2 , 	5.8 , 	5.2 , 	4.6 , 	4.3 , 	5.5 , 	5.5 , 	5.1 , 	5.8 , 	6.2 , 	5.6 , 	5.6 , 	5.3 , 	3.0 , 	5.6 , 	5.0 , 	4.4 , 	5.2 , 	5.3 , 	6.1 , 	6.9 , 	5.7 , 	5.1 , 	4.9 , 	3.5 , 	3.9 , 	3.1 , 	3.2 , 	3.9 , 	6.9 , 	8.7 , 	7.7 , 	8.4 ,,,,,
   Miscellaneous Manufacturing,3391 - 3399, 	5.1 , 	7.4 , 	6.1 , 	5.8 , 	5.5 , 	8.1 , 	9.9 , 	6.3 , 	6.1 , 	8.8 , 	10.5 , 	8.9 , 	6.5 , 	10.3 , 	8.9 , 	9.1 , 	11.3 , 	11.5 , 	9.6 , 	12.6 , 	12.7 , 	12.3 , 	10.8 , 	12.5 , 	11.0 , 	9.9 , 	9.8 , 	10.0 , 	10.0 , 	10.9 , 	10.3 , 	12.8 , 	13.8 ,,,,,
  Durables,"3211 - 3219, 3271 - 3279, 3311 - 3399", 	97.8 , 	102.3 , 	107.9 , 	111.2 , 	105.1 , 	104.8 , 	108.0 , 	107.7 , 	110.7 , 	112.8 , 	120.6 , 	116.6 , 	115.9 , 	122.9 , 	119.4 , 	124.5 , 	129.3 , 	129.1 , 	122.4 , 	124.7 , 	126.0 , 	108.7 , 	93.0 , 	98.7 , 	96.4 , 	99.6 , 	90.9 , 	96.5 , 	102.5 , 	102.7 , 	102.3 , 	101.4 , 	103.0 ,,,,,
  Non-durables,"3111 - 3169, 3221 - 3262", 	65.2 , 	66.8 , 	69.5 , 	65.3 , 	65.4 , 	62.3 , 	69.5 , 	76.4 , 	77.4 , 	80.7 , 	76.2 , 	78.0 , 	74.1 , 	79.5 , 	74.8 , 	73.3 , 	77.2 , 	79.2 , 	71.0 , 	66.6 , 	71.5 , 	69.2 , 	61.5 , 	56.0 , 	60.5 , 	65.1 , 	60.8 , 	64.9 , 	70.1 , 	67.4 , 	71.9 , 	73.0 , 	62.7 ,,,,,
Services-Producing Sector,41 & over," 	1,043.9 "," 	1,083.1 "," 	1,124.5 "," 	1,170.6 "," 	1,199.8 "," 	1,246.2 "," 	1,285.1 "," 	1,341.7 "," 	1,380.5 "," 	1,404.7 "," 	1,440.8 "," 	1,448.9 "," 	1,501.7 "," 	1,523.5 "," 	1,537.2 "," 	1,559.7 "," 	1,585.1 "," 	1,597.1 "," 	1,644.6 "," 	1,688.1 "," 	1,725.4 "," 	1,755.8 "," 	1,750.6 "," 	1,786.5 "," 	1,796.1 "," 	1,821.0 "," 	1,823.5 "," 	1,828.5 "," 	1,847.2 "," 	1,909.4 "," 	1,975.1 "," 	1,993.6 "," 	2,073.4 ",,,,,
Trade,4111 - 4543, 	233.9 , 	246.3 , 	250.6 , 	264.7 , 	259.4 , 	261.9 , 	270.8 , 	283.6 , 	294.0 , 	291.2 , 	299.8 , 	292.3 , 	305.8 , 	303.6 , 	303.3 , 	318.5 , 	325.6 , 	313.0 , 	329.8 , 	343.3 , 	353.2 , 	352.2 , 	359.0 , 	369.4 , 	354.1 , 	346.9 , 	360.5 , 	358.0 , 	352.9 , 	369.9 , 	374.0 , 	368.4 , 	389.2 ,,,,,
   Wholesale,4111 - 4191, 	53.5 , 	51.4 , 	53.9 , 	52.9 , 	54.4 , 	58.3 , 	62.8 , 	62.7 , 	64.7 , 	67.0 , 	71.3 , 	61.8 , 	79.2 , 	67.2 , 	67.3 , 	72.2 , 	76.3 , 	65.5 , 	78.5 , 	80.3 , 	79.2 , 	85.5 , 	85.5 , 	81.9 , 	77.6 , 	81.5 , 	82.0 , 	80.5 , 	84.9 , 	89.7 , 	83.6 , 	82.2 , 	87.3 ,,,,,
      Farm Product Wholesaler-Distributors,4111, 	-   , 	-   , 	-   , 	-   , 	-   , 	-   , 	1.9 , 	-   , 	-   , 	-   , 	-   , 	-   , 	-   , 	1.6 , 	-   , 	2.0 , 	-   , 	-   , 	-   , 	-   , 	-   , 	-   , 	1.8 , 	-   , 	-   , 	-   , 	-   , 	-   , 	-   , 	-   , 	-   , 	-   , 	-   ,,,,,
      Petroleum Product Wholesaler-Distributors,4121, 	1.5 , 	2.1 , 	-   , 	1.5 , 	1.5 , 	1.8 , 	-   , 	-   , 	-   , 	-   , 	1.6 , 	-   , 	-   , 	-   , 	-   , 	-   , 	-   , 	-   , 	-   , 	-   , 	-   , 	-   , 	-   , 	-   , 	-   , 	-   , 	-   , 	-   , 	1.5 , 	-   , 	1.6 , 	-   , 	-   ,,,,,
"      Food, Beverage and Tobacco Wholesaler-Distributors",4131 - 4133, 	8.3 , 	10.0 , 	10.8 , 	9.8 , 	11.3 , 	13.2 , 	11.5 , 	13.8 , 	15.7 , 	13.1 , 	15.5 , 	12.0 , 	11.6 , 	12.8 , 	10.9 , 	11.2 , 	11.6 , 	11.2 , 	13.3 , 	12.8 , 	11.9 , 	12.4 , 	15.1 , 	11.9 , 	13.2 , 	9.8 , 	14.6 , 	13.0 , 	14.6 , 	15.5 , 	12.9 , 	15.2 , 	12.2 ,,,,,
      Personal and Household Goods Wholesaler-Distributors,4141 - 4145, 	6.5 , 	6.7 , 	7.6 , 	6.9 , 	8.0 , 	8.4 , 	8.8 , 	5.2 , 	8.6 , 	8.1 , 	8.7 , 	7.5 , 	7.6 , 	9.6 , 	8.1 , 	8.5 , 	10.4 , 	8.7 , 	9.5 , 	8.9 , 	6.4 , 	8.7 , 	10.6 , 	9.4 , 	10.8 , 	10.7 , 	8.8 , 	10.1 , 	8.7 , 	9.8 , 	10.5 , 	9.4 , 	9.9 ,,,,,
      Motor Vehicle and Parts Wholesaler-Distributors,4151 - 4153, 	4.0 , 	4.2 , 	3.8 , 	4.5 , 	2.1 , 	3.9 , 	5.0 , 	3.7 , 	4.3 , 	5.2 , 	4.7 , 	4.2 , 	7.3 , 	4.3 , 	4.6 , 	4.0 , 	5.1 , 	5.9 , 	7.0 , 	8.8 , 	8.8 , 	9.5 , 	6.3 , 	7.6 , 	5.3 , 	6.6 , 	5.5 , 	5.9 , 	5.8 , 	6.5 , 	5.5 , 	4.8 , 	7.0 ,,,,,
      Building Material and Supplies Wholesaler-Distributors,4161 - 4163, 	8.8 , 	5.7 , 	6.4 , 	6.5 , 	9.3 , 	8.9 , 	10.2 , 	9.9 , 	7.1 , 	7.7 , 	9.5 , 	7.8 , 	14.6 , 	10.0 , 	9.5 , 	10.9 , 	8.8 , 	7.9 , 	10.8 , 	12.3 , 	12.7 , 	14.5 , 	13.8 , 	17.4 , 	12.0 , 	15.5 , 	16.2 , 	14.5 , 	14.1 , 	15.4 , 	16.1 , 	14.3 , 	15.7 ,,,,,
"      Machinery, Equipment and Supplies Wholesaler-Distributors",4171 - 4179, 	15.4 , 	13.0 , 	14.4 , 	14.9 , 	13.1 , 	13.1 , 	13.4 , 	16.2 , 	14.9 , 	17.2 , 	16.6 , 	17.1 , 	18.6 , 	16.2 , 	19.7 , 	20.1 , 	21.4 , 	16.7 , 	19.8 , 	21.3 , 	21.7 , 	24.1 , 	21.8 , 	18.8 , 	19.6 , 	21.0 , 	19.2 , 	21.7 , 	26.5 , 	23.5 , 	23.2 , 	21.3 , 	23.4 ,,,,,
      Miscellaneous Wholesaler-Distributors & Wholesale Agents & Brokers,"4181 - 4189, 4191", 	8.0 , 	8.3 , 	8.6 , 	7.6 , 	8.0 , 	7.7 , 	10.7 , 	11.7 , 	11.6 , 	13.2 , 	13.4 , 	11.1 , 	17.5 , 	11.9 , 	11.8 , 	14.3 , 	17.7 , 	13.0 , 	16.1 , 	14.9 , 	15.3 , 	14.9 , 	15.1 , 	15.1 , 	14.4 , 	15.8 , 	16.1 , 	13.9 , 	13.3 , 	17.1 , 	13.3 , 	15.3 , 	16.9 ,,,,,
   Retail,4411 - 4543, 	180.5 , 	194.9 , 	196.7 , 	211.8 , 	205.0 , 	203.6 , 	208.0 , 	220.9 , 	229.3 , 	224.1 , 	228.5 , 	230.6 , 	226.6 , 	236.4 , 	236.0 , 	246.3 , 	249.3 , 	247.5 , 	251.3 , 	262.9 , 	274.0 , 	266.7 , 	273.5 , 	287.5 , 	276.5 , 	265.4 , 	278.5 , 	277.5 , 	268.0 , 	280.2 , 	290.4 , 	286.2 , 	301.9 ,,,,,
      Motor Vehicle and Parts Dealers,4411 - 4413, 	18.3 , 	20.8 , 	22.5 , 	22.7 , 	25.7 , 	23.4 , 	24.1 , 	27.7 , 	21.5 , 	24.8 , 	24.4 , 	22.3 , 	21.0 , 	22.4 , 	25.8 , 	23.8 , 	26.7 , 	25.9 , 	24.1 , 	27.7 , 	28.8 , 	26.3 , 	26.9 , 	32.1 , 	28.1 , 	28.3 , 	33.1 , 	28.5 , 	34.5 , 	36.0 , 	33.6 , 	33.9 , 	37.1 ,,,,,
      Furniture and Home Furnishings Stores,4421 - 4422, 	7.0 , 	5.7 , 	7.5 , 	9.6 , 	7.4 , 	12.0 , 	8.2 , 	11.0 , 	10.2 , 	7.8 , 	10.2 , 	8.0 , 	7.5 , 	8.3 , 	7.7 , 	9.5 , 	9.3 , 	6.9 , 	8.1 , 	11.8 , 	12.6 , 	8.4 , 	9.9 , 	10.8 , 	10.9 , 	9.2 , 	10.4 , 	9.2 , 	12.4 , 	9.5 , 	12.2 , 	9.3 , 	9.5 ,,,,,
      Electronics and Appliance Stores,4431, 	5.5 , 	8.0 , 	7.4 , 	7.7 , 	10.1 , 	8.1 , 	8.2 , 	8.5 , 	8.2 , 	8.7 , 	9.8 , 	10.0 , 	12.1 , 	10.2 , 	10.3 , 	12.9 , 	11.4 , 	11.7 , 	10.2 , 	11.5 , 	10.0 , 	11.4 , 	11.1 , 	11.8 , 	11.3 , 	14.4 , 	14.4 , 	15.4 , 	12.3 , 	13.5 , 	15.5 , 	12.2 , 	15.5 ,,,,,
      Building Material and Garden Equipment and Supplies Dealers,4441 - 4442, 	10.6 , 	9.9 , 	13.1 , 	12.6 , 	11.4 , 	14.4 , 	16.4 , 	13.5 , 	18.7 , 	16.6 , 	14.5 , 	13.0 , 	13.5 , 	13.2 , 	12.9 , 	13.6 , 	15.4 , 	13.2 , 	19.5 , 	20.0 , 	19.2 , 	18.1 , 	20.9 , 	18.8 , 	16.5 , 	19.1 , 	17.4 , 	20.3 , 	17.1 , 	19.2 , 	16.9 , 	18.8 , 	17.2 ,,,,,
      Food and Beverage Stores,4451 - 4453, 	41.9 , 	42.7 , 	39.2 , 	47.8 , 	41.5 , 	43.4 , 	44.5 , 	48.3 , 	56.1 , 	54.0 , 	50.9 , 	55.8 , 	56.9 , 	61.3 , 	61.3 , 	64.0 , 	70.8 , 	65.1 , 	67.0 , 	66.8 , 	76.9 , 	79.6 , 	74.2 , 	82.2 , 	75.7 , 	65.9 , 	70.7 , 	72.5 , 	63.0 , 	66.8 , 	75.9 , 	77.6 , 	81.6 ,,,,,
      Health and Personal Care Stores,4461, 	10.2 , 	12.4 , 	10.9 , 	13.1 , 	12.1 , 	11.8 , 	11.6 , 	12.6 , 	15.3 , 	16.0 , 	15.5 , 	19.1 , 	14.7 , 	17.6 , 	17.2 , 	20.0 , 	19.0 , 	12.9 , 	16.4 , 	18.2 , 	19.5 , 	20.0 , 	19.8 , 	23.4 , 	23.4 , 	22.4 , 	27.7 , 	22.7 , 	24.7 , 	26.3 , 	25.2 , 	23.6 , 	29.4 ,,,,,
      Gasoline Stations,4471, 	14.7 , 	14.4 , 	12.0 , 	13.9 , 	13.5 , 	10.6 , 	12.9 , 	12.8 , 	10.5 , 	12.2 , 	12.9 , 	11.6 , 	10.0 , 	9.6 , 	11.0 , 	12.2 , 	8.0 , 	11.4 , 	10.2 , 	11.6 , 	8.6 , 	10.4 , 	9.0 , 	6.1 , 	8.7 , 	10.3 , 	7.7 , 	7.7 , 	6.8 , 	9.4 , 	5.8 , 	6.6 , 	7.3 ,,,,,
      Clothing and Clothing Accessories Stores,4481 - 4483, 	18.1 , 	17.8 , 	16.9 , 	24.7 , 	20.2 , 	18.7 , 	19.9 , 	19.9 , 	19.1 , 	20.1 , 	19.3 , 	22.3 , 	22.2 , 	22.5 , 	20.3 , 	21.5 , 	17.8 , 	24.8 , 	21.9 , 	24.6 , 	27.3 , 	25.7 , 	25.4 , 	25.1 , 	26.1 , 	26.0 , 	29.3 , 	32.2 , 	28.7 , 	30.7 , 	31.6 , 	28.3 , 	33.4 ,,,,,
"      Sporting Goods, Hobby, Book and Music Stores",4511 - 4513, 	8.6 , 	9.8 , 	11.2 , 	8.9 , 	10.9 , 	10.9 , 	9.8 , 	8.7 , 	12.9 , 	10.7 , 	11.7 , 	12.6 , 	12.8 , 	12.2 , 	12.4 , 	10.9 , 	11.3 , 	13.5 , 	13.2 , 	12.4 , 	15.0 , 	11.8 , 	11.5 , 	12.8 , 	12.8 , 	13.8 , 	12.2 , 	11.3 , 	14.3 , 	12.7 , 	13.9 , 	15.8 , 	13.0 ,,,,,
      General Merchandise Stores,4521 - 4529, 	29.9 , 	31.9 , 	35.6 , 	26.5 , 	28.7 , 	26.3 , 	30.4 , 	31.7 , 	29.9 , 	28.5 , 	29.1 , 	26.1 , 	25.8 , 	28.4 , 	26.6 , 	29.0 , 	29.9 , 	28.6 , 	28.5 , 	26.7 , 	29.3 , 	28.9 , 	32.7 , 	37.2 , 	37.9 , 	30.1 , 	26.8 , 	28.2 , 	25.9 , 	28.1 , 	26.6 , 	27.4 , 	21.9 ,,,,,
      Miscellaneous Store Retailers,4531 - 4539, 	9.8 , 	13.7 , 	12.0 , 	16.1 , 	15.1 , 	16.3 , 	15.1 , 	19.7 , 	19.0 , 	18.1 , 	22.1 , 	21.6 , 	20.8 , 	23.9 , 	24.3 , 	23.1 , 	23.0 , 	25.6 , 	24.0 , 	24.2 , 	19.9 , 	18.2 , 	23.8 , 	20.5 , 	18.0 , 	20.1 , 	21.2 , 	21.9 , 	19.5 , 	20.1 , 	22.5 , 	24.1 , 	24.8 ,,,,,
      Non-Store Retailers,4541 - 4543, 	6.1 , 	8.0 , 	8.5 , 	8.2 , 	8.4 , 	7.6 , 	6.9 , 	6.3 , 	7.8 , 	6.6 , 	8.2 , 	8.2 , 	9.5 , 	6.9 , 	6.2 , 	6.0 , 	6.7 , 	7.7 , 	8.0 , 	7.4 , 	6.9 , 	7.9 , 	8.3 , 	6.7 , 	7.1 , 	5.8 , 	7.6 , 	7.5 , 	8.7 , 	8.0 , 	10.6 , 	8.6 , 	11.2 ,,,,,
Transportation and Warehousing,4811 - 4931, 	85.4 , 	88.5 , 	90.7 , 	91.9 , 	97.3 , 	101.8 , 	100.2 , 	98.5 , 	97.1 , 	100.0 , 	107.7 , 	104.5 , 	116.7 , 	118.1 , 	112.7 , 	110.3 , 	114.5 , 	112.6 , 	116.3 , 	115.8 , 	121.7 , 	123.8 , 	113.6 , 	117.7 , 	122.4 , 	129.3 , 	127.3 , 	133.8 , 	140.0 , 	137.9 , 	139.4 , 	135.8 , 	140.6 ,,,,,
   Transportation,4811 - 4922, 	82.8 , 	84.9 , 	88.1 , 	89.9 , 	93.8 , 	100.1 , 	95.1 , 	95.1 , 	93.6 , 	96.6 , 	101.8 , 	101.3 , 	112.4 , 	114.8 , 	108.5 , 	105.2 , 	108.9 , 	108.0 , 	111.7 , 	109.4 , 	114.8 , 	118.5 , 	108.0 , 	111.5 , 	114.5 , 	118.7 , 	118.0 , 	124.9 , 	132.9 , 	130.5 , 	128.3 , 	125.3 , 	132.7 ,,,,,
      Air Transportation,4811 - 4812, 	9.9 , 	13.8 , 	12.4 , 	15.8 , 	14.7 , 	14.0 , 	12.8 , 	15.0 , 	16.3 , 	14.8 , 	15.9 , 	16.7 , 	19.9 , 	19.7 , 	16.1 , 	14.2 , 	14.0 , 	11.5 , 	13.2 , 	12.4 , 	14.0 , 	11.5 , 	12.3 , 	13.6 , 	13.0 , 	10.6 , 	11.9 , 	13.2 , 	14.9 , 	16.1 , 	15.1 , 	12.6 , 	13.3 ,,,,,
      Rail Transportation,4821, 	11.6 , 	9.7 , 	10.8 , 	10.6 , 	12.9 , 	11.6 , 	11.8 , 	9.9 , 	7.6 , 	7.2 , 	7.4 , 	9.6 , 	8.6 , 	6.2 , 	6.5 , 	6.6 , 	7.8 , 	7.7 , 	6.0 , 	4.2 , 	4.7 , 	5.2 , 	5.2 , 	5.3 , 	6.1 , 	8.0 , 	6.8 , 	6.2 , 	6.0 , 	4.4 , 	4.8 , 	5.9 , 	6.0 ,,,,,
      Water Transportation,4831 - 4832, 	5.1 , 	6.9 , 	5.7 , 	6.1 , 	6.3 , 	7.8 , 	5.7 , 	9.6 , 	5.9 , 	6.1 , 	7.5 , 	7.1 , 	6.5 , 	5.5 , 	7.1 , 	6.4 , 	6.6 , 	5.4 , 	5.2 , 	5.9 , 	5.5 , 	5.8 , 	3.2 , 	6.4 , 	4.5 , 	4.9 , 	7.5 , 	6.1 , 	6.3 , 	7.7 , 	6.1 , 	6.8 , 	7.2 ,,,,,
      Truck Transportation,4841 - 4842, 	21.3 , 	22.5 , 	22.5 , 	21.9 , 	24.2 , 	27.1 , 	28.3 , 	25.0 , 	22.5 , 	27.4 , 	27.1 , 	26.2 , 	27.1 , 	32.1 , 	27.7 , 	27.8 , 	29.5 , 	30.7 , 	34.8 , 	32.8 , 	33.6 , 	35.1 , 	31.9 , 	29.8 , 	33.3 , 	32.0 , 	36.1 , 	36.9 , 	39.9 , 	41.3 , 	38.7 , 	37.6 , 	36.0 ,,,,,
      Transit and Ground Passenger Transportation,4851 - 4859, 	9.1 , 	8.2 , 	9.3 , 	11.0 , 	12.3 , 	12.0 , 	9.3 , 	8.4 , 	11.6 , 	12.2 , 	12.8 , 	13.6 , 	13.4 , 	12.3 , 	15.5 , 	16.6 , 	12.1 , 	15.3 , 	16.7 , 	15.1 , 	16.4 , 	18.4 , 	19.8 , 	21.0 , 	17.9 , 	20.9 , 	18.2 , 	19.6 , 	18.6 , 	22.2 , 	23.6 , 	21.0 , 	20.2 ,,,,,
      Pipeline Transportation,4861 - 4869, 	-   , 	-   , 	-   , 	-   , 	-   , 	-   , 	-   , 	-   , 	-   , 	-   , 	-   , 	-   , 	-   , 	-   , 	-   , 	-   , 	-   , 	-   , 	-   , 	-   , 	-   , 	-   , 	-   , 	-   , 	-   , 	-   , 	-   , 	-   , 	-   , 	-   , 	-   , 	-   , 	-   ,,,,,
      Scenic and Sightseeing Transportation & Support Activities for Transportation,"4871 - 4879 , 4881 - 4889", 	12.3 , 	10.2 , 	10.6 , 	9.9 , 	10.4 , 	9.8 , 	9.5 , 	11.0 , 	10.2 , 	10.8 , 	13.2 , 	10.6 , 	18.2 , 	20.6 , 	19.1 , 	19.7 , 	21.2 , 	19.6 , 	18.1 , 	19.3 , 	21.7 , 	21.7 , 	19.5 , 	18.9 , 	22.4 , 	23.1 , 	22.9 , 	24.2 , 	29.5 , 	26.7 , 	25.8 , 	25.0 , 	25.5 ,,,,,
      Postal Service,4911, 	8.6 , 	9.1 , 	10.9 , 	8.6 , 	6.7 , 	9.8 , 	12.0 , 	10.7 , 	11.0 , 	9.1 , 	7.9 , 	9.2 , 	7.3 , 	8.9 , 	8.1 , 	7.2 , 	8.4 , 	7.6 , 	8.1 , 	9.2 , 	9.1 , 	10.4 , 	8.0 , 	8.4 , 	10.0 , 	9.4 , 	6.7 , 	7.4 , 	8.5 , 	6.4 , 	6.9 , 	6.1 , 	11.4 ,,,,,
      Couriers and Messengers,4921 - 4922, 	4.5 , 	3.3 , 	5.3 , 	5.3 , 	5.4 , 	7.0 , 	5.2 , 	5.2 , 	8.0 , 	8.3 , 	9.3 , 	8.1 , 	10.6 , 	8.9 , 	8.1 , 	6.6 , 	8.3 , 	10.0 , 	9.1 , 	9.7 , 	9.6 , 	10.2 , 	7.4 , 	7.8 , 	7.2 , 	9.6 , 	7.5 , 	11.2 , 	8.7 , 	5.5 , 	7.1 , 	9.9 , 	12.6 ,,,,,
   Warehousing and Storage,4931, 	2.5 , 	3.6 , 	2.7 , 	2.0 , 	3.6 , 	1.7 , 	5.1 , 	3.4 , 	3.5 , 	3.4 , 	5.9 , 	3.2 , 	4.3 , 	3.3 , 	4.2 , 	5.1 , 	5.6 , 	4.6 , 	4.6 , 	6.4 , 	6.9 , 	5.3 , 	5.6 , 	6.2 , 	7.9 , 	10.6 , 	9.3 , 	8.9 , 	7.1 , 	7.4 , 	11.1 , 	10.4 , 	8.0 ,,,,,
"Finance, Insurance, Real Estate and Leasing",5211 - 5331, 	90.5 , 	96.3 , 	98.7 , 	102.1 , 	103.6 , 	110.9 , 	114.6 , 	117.1 , 	116.7 , 	122.4 , 	125.8 , 	122.0 , 	120.1 , 	117.0 , 	120.2 , 	123.8 , 	125.9 , 	127.9 , 	131.2 , 	133.2 , 	141.4 , 	138.7 , 	132.7 , 	139.8 , 	139.6 , 	136.5 , 	139.6 , 	137.2 , 	128.6 , 	135.9 , 	156.2 , 	150.8 , 	158.9 ,,,,,
   Monetary Authorities - Central Bank & Credit Intermediation and Related Activities,"5211, 5221 - 5223", 	31.0 , 	34.0 , 	39.2 , 	35.3 , 	36.9 , 	35.5 , 	38.6 , 	37.9 , 	38.8 , 	40.8 , 	45.1 , 	39.9 , 	38.4 , 	40.9 , 	39.0 , 	39.1 , 	42.5 , 	40.2 , 	45.4 , 	41.6 , 	50.4 , 	46.6 , 	39.8 , 	47.8 , 	37.2 , 	43.5 , 	43.6 , 	43.8 , 	39.2 , 	40.4 , 	46.3 , 	43.3 , 	47.6 ,,,,,
"   Securities, Commodity Contracts, and Other Intermediation and Related Activities",5231 - 5239, 	9.5 , 	13.4 , 	7.3 , 	8.0 , 	6.4 , 	6.2 , 	8.4 , 	10.3 , 	9.0 , 	9.7 , 	10.7 , 	12.3 , 	15.6 , 	10.9 , 	16.4 , 	17.7 , 	17.6 , 	14.9 , 	13.6 , 	17.5 , 	16.4 , 	14.6 , 	17.3 , 	18.2 , 	16.5 , 	18.1 , 	15.7 , 	18.2 , 	17.6 , 	21.5 , 	19.4 , 	20.1 , 	20.8 ,,,,,
    Insurance Carriers & Related Activities and Funds & Other Financial Vehicles,"5241 - 5242, 5261 - 5269", 	17.6 , 	15.0 , 	16.9 , 	20.4 , 	26.1 , 	24.1 , 	21.6 , 	24.6 , 	22.2 , 	23.8 , 	26.7 , 	23.6 , 	23.2 , 	27.0 , 	24.9 , 	23.7 , 	20.7 , 	26.7 , 	25.5 , 	25.6 , 	28.5 , 	28.3 , 	27.2 , 	28.1 , 	31.8 , 	25.8 , 	28.7 , 	26.9 , 	29.0 , 	29.1 , 	32.8 , 	30.0 , 	29.8 ,,,,,
   Real Estate,5311 - 5313, 	25.4 , 	27.7 , 	27.3 , 	33.1 , 	26.2 , 	36.0 , 	35.6 , 	34.8 , 	37.0 , 	38.2 , 	32.9 , 	38.3 , 	33.2 , 	28.9 , 	27.9 , 	32.3 , 	34.6 , 	34.8 , 	34.3 , 	38.3 , 	36.7 , 	38.7 , 	38.9 , 	37.4 , 	44.9 , 	43.0 , 	43.7 , 	40.2 , 	36.3 , 	39.3 , 	51.0 , 	51.5 , 	52.5 ,,,,,
   Rental & Leasing Services and Owners & Lessors of Other Non-Financial Assets,"5321 - 5324, 5331", 	7.0 , 	6.2 , 	7.9 , 	5.3 , 	7.9 , 	9.0 , 	10.5 , 	9.4 , 	9.7 , 	9.8 , 	10.4 , 	7.9 , 	9.7 , 	9.2 , 	11.9 , 	11.0 , 	10.6 , 	11.3 , 	12.5 , 	10.3 , 	9.4 , 	10.4 , 	9.4 , 	8.4 , 	9.2 , 	6.1 , 	8.0 , 	8.0 , 	6.5 , 	5.6 , 	6.8 , 	5.7 , 	8.2 ,,,,,
"Professional, Scientific and Technical Services",5411 - 5419, 	67.0 , 	77.7 , 	82.4 , 	87.6 , 	93.9 , 	86.7 , 	96.6 , 	101.3 , 	104.1 , 	107.3 , 	113.2 , 	123.8 , 	137.0 , 	136.3 , 	139.2 , 	134.0 , 	136.0 , 	143.1 , 	159.1 , 	164.0 , 	164.1 , 	165.6 , 	159.8 , 	163.1 , 	174.2 , 	170.2 , 	178.3 , 	182.3 , 	188.1 , 	195.5 , 	197.2 , 	208.5 , 	223.7 ,,,,,
   Legal Services,5411, 	16.6 , 	14.0 , 	14.4 , 	17.7 , 	15.4 , 	18.0 , 	18.2 , 	19.8 , 	20.3 , 	18.6 , 	19.5 , 	17.0 , 	19.1 , 	18.7 , 	17.2 , 	21.2 , 	21.2 , 	17.8 , 	22.4 , 	20.5 , 	17.6 , 	23.3 , 	18.4 , 	22.1 , 	22.2 , 	18.4 , 	23.5 , 	21.4 , 	21.0 , 	24.7 , 	24.9 , 	25.3 , 	25.4 ,,,,,
   Accounting and Tax Preparation,5412, 	8.9 , 	11.0 , 	13.6 , 	15.2 , 	14.2 , 	11.3 , 	17.1 , 	11.7 , 	15.3 , 	14.0 , 	13.5 , 	20.6 , 	21.6 , 	19.9 , 	20.2 , 	20.5 , 	18.2 , 	20.7 , 	23.9 , 	19.6 , 	22.0 , 	25.3 , 	23.6 , 	18.7 , 	23.2 , 	19.5 , 	24.4 , 	25.2 , 	22.5 , 	26.2 , 	25.5 , 	24.4 , 	27.8 ,,,,,
"   Architectural, Engineering and Design Services",5413 - 5414, 	18.7 , 	23.4 , 	24.3 , 	26.8 , 	28.2 , 	24.9 , 	27.9 , 	32.5 , 	30.7 , 	33.5 , 	32.0 , 	33.9 , 	30.8 , 	32.0 , 	32.1 , 	31.6 , 	35.2 , 	35.2 , 	42.8 , 	48.0 , 	40.9 , 	45.5 , 	44.4 , 	45.0 , 	46.8 , 	47.4 , 	54.1 , 	45.6 , 	50.4 , 	55.6 , 	45.7 , 	49.1 , 	57.0 ,,,,,
   Computer System Design Services,5415, 	5.6 , 	8.0 , 	7.5 , 	7.8 , 	10.3 , 	7.9 , 	7.8 , 	10.9 , 	11.1 , 	12.3 , 	16.8 , 	18.7 , 	27.9 , 	31.9 , 	34.3 , 	25.6 , 	28.5 , 	31.6 , 	31.5 , 	36.4 , 	32.4 , 	30.2 , 	31.4 , 	32.6 , 	34.2 , 	40.5 , 	39.7 , 	43.8 , 	48.0 , 	43.5 , 	46.3 , 	55.2 , 	57.5 ,,,,,
"   Management, Scientific and Technical Services",5416 - 5417, 	7.5 , 	9.0 , 	9.2 , 	7.7 , 	10.3 , 	10.0 , 	14.9 , 	12.6 , 	15.1 , 	15.6 , 	18.5 , 	19.2 , 	22.7 , 	19.4 , 	21.1 , 	20.5 , 	20.2 , 	23.5 , 	22.9 , 	23.6 , 	30.6 , 	23.6 , 	24.5 , 	26.2 , 	24.9 , 	27.4 , 	21.1 , 	28.6 , 	26.9 , 	23.5 , 	31.8 , 	29.6 , 	33.8 ,,,,,
   Advertising and Related Services,5418, 	4.4 , 	6.6 , 	7.0 , 	6.0 , 	10.3 , 	9.8 , 	5.8 , 	8.8 , 	7.3 , 	7.5 , 	7.2 , 	7.9 , 	8.2 , 	6.5 , 	6.1 , 	6.4 , 	5.4 , 	6.7 , 	8.4 , 	7.9 , 	10.2 , 	6.9 , 	7.6 , 	8.7 , 	9.3 , 	7.2 , 	6.2 , 	7.8 , 	8.4 , 	7.6 , 	10.0 , 	11.6 , 	13.1 ,,,,,
   Other Professional Services,5419, 	5.4 , 	5.7 , 	6.4 , 	6.4 , 	5.2 , 	4.9 , 	5.0 , 	5.0 , 	4.4 , 	5.8 , 	5.6 , 	6.5 , 	6.6 , 	7.9 , 	8.2 , 	8.1 , 	7.3 , 	7.8 , 	7.3 , 	8.0 , 	10.5 , 	10.7 , 	9.8 , 	9.8 , 	13.6 , 	9.8 , 	9.3 , 	9.9 , 	10.9 , 	14.4 , 	13.0 , 	13.3 , 	9.2 ,,,,,
"Business, Building and Other Support Services",5511 - 5629, 	35.1 , 	36.4 , 	35.4 , 	37.1 , 	38.8 , 	41.0 , 	46.0 , 	52.6 , 	55.8 , 	60.0 , 	62.0 , 	65.2 , 	64.8 , 	69.7 , 	70.5 , 	71.8 , 	78.9 , 	79.6 , 	89.5 , 	95.6 , 	95.5 , 	102.6 , 	97.9 , 	95.4 , 	94.5 , 	96.8 , 	98.8 , 	87.9 , 	93.5 , 	104.7 , 	102.5 , 	100.6 , 	112.3 ,,,,,
   Employment Services,5613, 	2.7 , 	3.5 , 	2.6 , 	3.6 , 	3.2 , 	2.9 , 	2.4 , 	1.9 , 	3.6 , 	2.8 , 	2.9 , 	3.8 , 	4.9 , 	6.4 , 	5.2 , 	5.3 , 	5.7 , 	5.0 , 	4.9 , 	8.1 , 	5.9 , 	8.1 , 	8.1 , 	6.4 , 	5.9 , 	4.3 , 	6.9 , 	6.2 , 	5.5 , 	7.9 , 	7.8 , 	9.1 , 	7.4 ,,,,,
   Business Services,5614, 	2.5 , 	2.7 , 	3.5 , 	2.5 , 	4.8 , 	3.0 , 	3.2 , 	3.5 , 	5.4 , 	6.4 , 	5.4 , 	6.4 , 	5.2 , 	5.8 , 	7.6 , 	6.8 , 	10.2 , 	8.3 , 	12.6 , 	11.8 , 	12.7 , 	12.9 , 	6.5 , 	6.6 , 	8.2 , 	9.7 , 	8.5 , 	8.5 , 	9.1 , 	8.5 , 	11.4 , 	8.9 , 	8.6 ,,,,,
   Travelling Services,5615, 	4.9 , 	3.7 , 	3.2 , 	4.1 , 	5.9 , 	5.5 , 	5.9 , 	7.8 , 	7.6 , 	12.2 , 	10.3 , 	9.4 , 	8.4 , 	7.5 , 	8.5 , 	9.0 , 	6.7 , 	11.7 , 	9.9 , 	9.1 , 	10.9 , 	10.3 , 	9.8 , 	11.2 , 	9.9 , 	10.9 , 	9.0 , 	7.0 , 	9.3 , 	9.6 , 	13.6 , 	10.8 , 	13.5 ,,,,,
   Security Services,5616, 	5.1 , 	5.8 , 	5.8 , 	4.9 , 	4.5 , 	6.5 , 	6.8 , 	7.6 , 	6.8 , 	7.6 , 	9.6 , 	9.2 , 	8.9 , 	9.2 , 	11.7 , 	6.7 , 	10.6 , 	9.8 , 	14.4 , 	12.0 , 	12.5 , 	13.5 , 	15.6 , 	16.7 , 	14.6 , 	14.4 , 	15.7 , 	15.9 , 	17.2 , 	18.7 , 	16.0 , 	14.2 , 	17.3 ,,,,,
   Building Services,5617, 	16.1 , 	16.4 , 	15.4 , 	17.8 , 	17.4 , 	19.9 , 	21.9 , 	25.3 , 	27.1 , 	25.6 , 	29.8 , 	31.8 , 	30.5 , 	32.2 , 	30.9 , 	36.7 , 	38.4 , 	35.6 , 	36.3 , 	42.4 , 	42.9 , 	44.2 , 	47.3 , 	45.7 , 	42.9 , 	47.8 , 	50.4 , 	39.2 , 	37.8 , 	49.0 , 	41.3 , 	46.2 , 	51.5 ,,,,,
   Management of Enterprises and Other Administrative Services,"5511, 5611 - 5612, 5619", 	2.9 , 	2.5 , 	3.2 , 	2.4 , 	1.6 , 	1.9 , 	3.3 , 	4.0 , 	2.7 , 	3.6 , 	2.1 , 	2.5 , 	5.0 , 	5.7 , 	4.0 , 	3.3 , 	2.7 , 	4.3 , 	7.2 , 	5.2 , 	6.2 , 	7.5 , 	5.8 , 	4.7 , 	7.2 , 	4.4 , 	3.3 , 	5.5 , 	6.9 , 	4.6 , 	4.7 , 	5.0 , 	6.2 ,,,,,
   Waste Management and Remediation Services,5621 - 5629, 	-   , 	1.8 , 	1.7 , 	1.8 , 	-   , 	-   , 	2.5 , 	2.5 , 	2.7 , 	1.8 , 	1.8 , 	2.1 , 	1.8 , 	3.0 , 	2.7 , 	3.9 , 	4.5 , 	4.8 , 	4.1 , 	6.9 , 	4.4 , 	6.1 , 	4.8 , 	4.2 , 	5.7 , 	5.3 , 	5.1 , 	5.6 , 	7.7 , 	6.5 , 	7.7 , 	6.6 , 	7.8 ,,,,,
Educational Services,6111 - 6117, 	84.0 , 	86.6 , 	88.2 , 	89.0 , 	98.3 , 	107.4 , 	113.8 , 	121.8 , 	124.1 , 	118.2 , 	119.9 , 	117.3 , 	125.1 , 	135.7 , 	137.3 , 	136.7 , 	136.8 , 	132.4 , 	143.2 , 	153.2 , 	154.3 , 	153.3 , 	147.0 , 	152.0 , 	155.3 , 	164.5 , 	166.7 , 	166.3 , 	163.4 , 	165.0 , 	166.6 , 	168.6 , 	178.7 ,,,,,
   Primary and Secondary,6111, 	52.2 , 	56.8 , 	57.6 , 	56.4 , 	63.1 , 	72.0 , 	76.9 , 	76.8 , 	80.9 , 	75.5 , 	73.8 , 	70.1 , 	75.5 , 	87.0 , 	82.5 , 	80.2 , 	76.9 , 	75.6 , 	81.7 , 	84.0 , 	87.1 , 	86.2 , 	81.2 , 	83.5 , 	84.6 , 	90.0 , 	91.1 , 	95.1 , 	91.1 , 	88.9 , 	91.0 , 	83.5 , 	100.0 ,,,,,
   Post-Secondary,6112, 	8.0 , 	7.5 , 	9.6 , 	9.1 , 	10.4 , 	7.7 , 	9.0 , 	13.0 , 	10.7 , 	10.4 , 	11.9 , 	10.7 , 	14.5 , 	14.7 , 	16.2 , 	14.6 , 	14.0 , 	14.8 , 	13.6 , 	16.1 , 	13.1 , 	14.3 , 	10.4 , 	12.0 , 	11.6 , 	13.2 , 	13.2 , 	12.8 , 	11.2 , 	11.4 , 	10.3 , 	13.3 , 	11.9 ,,,,,
   University,6113, 	17.6 , 	16.3 , 	14.9 , 	16.5 , 	16.9 , 	17.5 , 	17.7 , 	18.7 , 	18.5 , 	17.4 , 	19.1 , 	21.4 , 	18.4 , 	16.3 , 	19.4 , 	21.4 , 	30.3 , 	23.6 , 	26.9 , 	34.7 , 	32.8 , 	33.8 , 	33.1 , 	32.5 , 	36.3 , 	36.4 , 	38.4 , 	31.3 , 	35.2 , 	36.4 , 	35.5 , 	36.5 , 	31.3 ,,,,,
   Other Schools and Educational Support,6114 - 6117, 	6.2 , 	6.0 , 	6.1 , 	7.0 , 	7.8 , 	10.1 , 	10.2 , 	13.3 , 	14.0 , 	14.9 , 	15.2 , 	15.1 , 	16.6 , 	17.7 , 	19.2 , 	20.5 , 	15.7 , 	18.4 , 	21.0 , 	18.5 , 	21.3 , 	19.0 , 	22.3 , 	24.0 , 	22.9 , 	24.9 , 	23.9 , 	27.0 , 	26.0 , 	28.3 , 	29.8 , 	35.3 , 	35.5 ,,,,,
Health Care and Social Assistance,6211 - 6244, 	124.7 , 	128.6 , 	138.1 , 	148.8 , 	155.7 , 	164.1 , 	165.4 , 	172.9 , 	179.0 , 	185.3 , 	191.8 , 	196.8 , 	194.3 , 	200.8 , 	197.2 , 	211.2 , 	214.3 , 	216.7 , 	212.8 , 	227.7 , 	231.7 , 	241.2 , 	257.0 , 	263.8 , 	262.5 , 	275.2 , 	267.2 , 	269.8 , 	287.4 , 	291.6 , 	303.5 , 	323.2 , 	312.6 ,,,,,
   Ambulatory Health Care Services,6211 - 6219, 	28.1 , 	31.6 , 	33.9 , 	35.5 , 	34.9 , 	42.0 , 	41.5 , 	41.4 , 	47.2 , 	45.0 , 	46.2 , 	46.6 , 	52.9 , 	52.5 , 	47.3 , 	51.1 , 	57.8 , 	51.3 , 	58.3 , 	58.1 , 	62.7 , 	67.9 , 	72.2 , 	70.2 , 	76.7 , 	75.7 , 	73.3 , 	70.6 , 	82.8 , 	81.1 , 	89.8 , 	96.0 , 	92.9 ,,,,,
   Hospitals,6220, 	56.1 , 	55.7 , 	57.0 , 	58.8 , 	66.4 , 	62.9 , 	66.1 , 	63.3 , 	64.2 , 	60.0 , 	66.7 , 	65.5 , 	66.8 , 	70.1 , 	72.1 , 	76.3 , 	73.7 , 	77.3 , 	71.0 , 	85.6 , 	82.8 , 	85.5 , 	90.8 , 	93.5 , 	90.9 , 	100.3 , 	104.1 , 	92.7 , 	97.1 , 	101.3 , 	100.1 , 	112.2 , 	104.6 ,,,,,
   Nursing and Residential Care Facilities,6230, 	14.7 , 	16.2 , 	19.0 , 	23.1 , 	21.4 , 	20.0 , 	23.4 , 	23.5 , 	24.5 , 	31.1 , 	30.3 , 	27.1 , 	26.3 , 	27.3 , 	32.4 , 	35.1 , 	32.2 , 	31.7 , 	36.1 , 	35.2 , 	34.4 , 	36.1 , 	40.0 , 	39.4 , 	39.2 , 	42.1 , 	38.8 , 	47.3 , 	47.4 , 	49.5 , 	50.2 , 	50.9 , 	53.7 ,,,,,
   Social Assistance,6241 - 6244, 	25.9 , 	25.1 , 	28.3 , 	31.4 , 	33.1 , 	39.1 , 	34.3 , 	44.7 , 	43.1 , 	49.1 , 	48.6 , 	57.6 , 	48.2 , 	50.9 , 	45.4 , 	48.7 , 	50.7 , 	56.5 , 	47.3 , 	48.8 , 	51.7 , 	51.6 , 	53.9 , 	60.7 , 	55.6 , 	57.1 , 	51.1 , 	59.1 , 	60.1 , 	59.7 , 	63.3 , 	64.2 , 	61.5 ,,,,,
"Information, culture and recreation","5111 - 5191, 7111 - 7139", 	67.0 , 	64.1 , 	68.4 , 	68.7 , 	67.9 , 	65.4 , 	66.9 , 	77.8 , 	84.3 , 	83.2 , 	88.5 , 	94.4 , 	90.8 , 	97.0 , 	103.7 , 	105.0 , 	105.3 , 	109.8 , 	109.2 , 	109.2 , 	113.9 , 	112.2 , 	111.9 , 	112.1 , 	107.6 , 	108.9 , 	107.4 , 	107.7 , 	114.5 , 	126.6 , 	136.8 , 	127.6 , 	131.5 ,,,,,
   Publishing Industries,"5111 - 5112, 5161", 	9.7 , 	10.5 , 	8.9 , 	8.2 , 	9.5 , 	9.8 , 	9.8 , 	9.8 , 	10.2 , 	11.5 , 	11.0 , 	12.9 , 	10.8 , 	13.7 , 	12.2 , 	11.3 , 	13.8 , 	14.5 , 	15.3 , 	14.4 , 	14.8 , 	14.8 , 	11.7 , 	13.8 , 	14.4 , 	13.0 , 	13.3 , 	11.6 , 	13.8 , 	14.3 , 	10.4 , 	15.2 , 	14.6 ,,,,,
   Motion Picture and Sound Recording Industries,5121 - 5122, 	4.0 , 	3.1 , 	4.0 , 	3.2 , 	3.1 , 	2.0 , 	3.4 , 	4.7 , 	7.6 , 	6.6 , 	6.7 , 	6.1 , 	10.7 , 	10.7 , 	9.7 , 	10.1 , 	10.7 , 	10.5 , 	9.0 , 	11.8 , 	14.1 , 	10.8 , 	9.1 , 	13.6 , 	10.4 , 	8.3 , 	11.2 , 	10.6 , 	14.4 , 	22.3 , 	26.8 , 	18.5 , 	20.3 ,,,,,
   Broadcasting and Telecommunications,"5151 - 5152, 5171 - 5179", 	25.3 , 	22.3 , 	25.0 , 	25.1 , 	24.6 , 	22.8 , 	21.5 , 	21.2 , 	26.3 , 	22.6 , 	28.5 , 	30.5 , 	23.6 , 	27.4 , 	32.7 , 	30.8 , 	21.0 , 	24.4 , 	22.5 , 	22.4 , 	24.5 , 	24.0 , 	24.3 , 	22.3 , 	20.9 , 	21.2 , 	17.7 , 	21.4 , 	20.1 , 	19.5 , 	20.2 , 	18.3 , 	16.8 ,,,,,
   Information Services and Data Processing Services,5181 - 5191, 	4.1 , 	5.4 , 	4.4 , 	4.6 , 	4.4 , 	4.7 , 	4.3 , 	5.3 , 	4.6 , 	4.2 , 	4.6 , 	5.4 , 	5.5 , 	4.7 , 	5.6 , 	4.4 , 	4.5 , 	5.3 , 	7.6 , 	5.3 , 	5.2 , 	5.6 , 	5.7 , 	4.5 , 	4.0 , 	4.8 , 	7.5 , 	5.8 , 	6.2 , 	6.2 , 	7.3 , 	5.9 , 	6.8 ,,,,,
"   Performing Arts, Spectator Sports and Related Industries",7111 - 7115, 	9.5 , 	9.7 , 	11.4 , 	10.9 , 	8.9 , 	9.3 , 	11.6 , 	13.4 , 	13.2 , 	14.7 , 	14.6 , 	20.0 , 	15.6 , 	12.6 , 	13.7 , 	20.5 , 	17.1 , 	20.6 , 	19.1 , 	18.8 , 	17.7 , 	18.8 , 	25.3 , 	20.3 , 	19.3 , 	17.4 , 	18.7 , 	17.2 , 	16.6 , 	19.8 , 	21.1 , 	22.8 , 	27.2 ,,,,,
   Heritage Institutions,7121, 	1.7 , 	3.1 , 	2.3 , 	1.7 , 	2.2 , 	1.5 , 	-   , 	2.8 , 	2.8 , 	2.9 , 	2.4 , 	1.6 , 	2.7 , 	3.6 , 	3.7 , 	2.5 , 	3.9 , 	2.4 , 	3.5 , 	2.3 , 	3.0 , 	2.9 , 	2.7 , 	4.1 , 	4.0 , 	3.1 , 	2.8 , 	3.5 , 	3.1 , 	3.8 , 	3.5 , 	3.9 , 	3.5 ,,,,,
"   Amusement, Gambling and Recreation Industries",7131 - 7139, 	12.6 , 	10.0 , 	12.5 , 	14.9 , 	15.1 , 	15.5 , 	15.2 , 	20.5 , 	19.5 , 	20.6 , 	20.8 , 	17.8 , 	21.9 , 	24.3 , 	26.0 , 	25.4 , 	34.4 , 	32.1 , 	32.2 , 	34.2 , 	34.6 , 	35.1 , 	33.0 , 	33.6 , 	34.6 , 	41.1 , 	36.2 , 	37.6 , 	40.3 , 	40.7 , 	47.5 , 	43.0 , 	42.2 ,,,,,
Accommodation and food services,7211 - 7225, 	99.7 , 	104.6 , 	113.4 , 	115.2 , 	119.1 , 	128.1 , 	117.5 , 	126.8 , 	134.4 , 	140.0 , 	142.4 , 	147.0 , 	150.0 , 	155.6 , 	164.0 , 	163.0 , 	159.1 , 	170.0 , 	171.7 , 	167.4 , 	168.7 , 	170.6 , 	170.8 , 	172.4 , 	183.0 , 	182.7 , 	179.5 , 	185.3 , 	177.5 , 	174.2 ,182.6, 	187.7 ,191.2,,,,,
   Accommodation Services,7211 - 7213,25.4,28,29.9,33.9,31.1,37.6,34.3,35.6,29.5,31.1,31.8,33.8,35.4,37.9,44,39.4,37.2,39.7,38,34.3,34.3,35.3,41.8,33,38.8,42.7,37.9,39.6,32,30.4,37.8,30.8,34.3,,,,,
   Food Services and Drinking Places,7221 - 7224,74.3,76.6,83.4,81.3,88,90.5,83.2,91.2,104.8,108.9,110.6,113.2,114.6,117.7,120,123.6,122,130.3,133.8,133.1,134.3,135.3,129,139.4,144.2,140,141.6,145.7,145.5,143.8,144.8,157,156.9,,,,,
Other services,8111 - 8141,75.3,74.1,76.7,75.6,74.7,80.6,93.5,91.5,89,90.7,90.5,92.3,105.6,98.3,98.6,96,93.9,92.7,88.4,89,86.2,94.8,95.3,96,97.4,109.5,99.4,102.4,105.1,104.6,114.4,118.1,118.8,,,,,
   Repair and Maintenance,8111 - 8114,23.6,23,27.8,26.5,25.3,29.5,36.1,32.1,32.7,34.5,31.9,34.9,34,34,36.7,36.7,35.5,32.4,32.6,33.8,33.8,34.1,28.3,29.8,33.6,38.9,34.5,33.6,28.8,31.9,38,37.6,36,,,,,
   Personal and Laundry Services,8121 - 8129,20.2,18.8,19.1,21.5,19.8,19.3,23.7,25.1,20.1,21.3,26.8,25.4,31.6,27.9,31.9,24.1,27.7,29.6,29,29.7,26.5,26.9,32.2,33,33,32.3,32.5,34.1,41.3,36.8,37.1,48.1,44.4,,,,,
"   Religious, Grant-Making, Civic, and Professional and Similar Organizations",8131 - 8139,16.5,17.4,17.2,14.5,15.2,18.3,21.7,20.8,19.4,20.2,18.1,18.1,21.7,22.3,18.5,20.8,18.1,18.1,16.6,16.7,16.7,19.9,23.1,19.9,18.1,24.2,20.5,24.3,25.9,26.3,26.5,22.5,28.3,,,,,
   Private Households,8141,15,14.8,12.5,13.1,14.4,13.6,12,13.5,16.8,14.8,13.7,13.9,18.3,14,11.4,14.4,12.6,12.6,10.3,8.8,9.1,13.8,11.8,13.3,12.6,14.1,11.9,10.5,9.1,9.6,12.8,9.9,10.1,,,,,
Public administration,9110 - 9191,81.3,79.9,81.9,89.9,91.1,98.4,99.8,97.7,102.1,106.4,99.1,93.2,91.7,91.5,90.3,89.5,94.6,99.1,93.2,89.9,94.7,100.9,105.6,104.7,105.7,100.5,98.7,97.9,96.1,103.7,101.9,104.3,116,,,,,
   Federal Government Public Administration (including Defence Services),"9110, 9111",27.7,27.7,28.7,32.3,36.3,35.2,33.6,32.4,31.8,36.7,33.6,29,32.6,33.5,30.3,32.8,37,34.7,32.2,34.4,34.9,37.3,38.9,42.5,42.6,42.3,34.7,32.1,35.6,36.9,36.5,33.8,42.7,,,,,
   Provincial and Territorial Public Administration,9120,27.1,25.7,24.3,27.3,23.9,32,29,33.1,37.3,35.7,31.6,29.1,28.3,26.7,33.2,27.5,28.6,29.7,29.4,26.6,26.1,26.3,27,26.8,25.1,27.3,28.3,29.1,27.4,31.8,30.5,34,35.4,,,,,
"   Local, Municipal & Regional Public Administration and Aboriginal, Inter & Other Extra-Territorial Public Admin","9130, 9141, 9191",26.6,26.5,28.9,30.3,30.9,31.2,37.2,32.2,33,34.1,33.8,35,30.7,31.2,26.8,29.2,29,34.7,31.5,28.9,33.7,37.3,39.8,35.5,38,30.9,35.7,36.6,33.2,35.1,34.9,36.5,37.9,,,,,
,,,,,,,,,,,,,,,,,,,,,,,,,,,,,,,,,,,,,,,
,,,,,,,,,,,,,,,,,,,,,,,,,,,,,,,,,,,,,,,
"  dash = less than 1.5 (1,500 persons)",,,,,,,,,,,,,,,,,,,,,,,,,,,,,,,,,,,,,,,
  NAICS 2012 - North American Industry Classification System,,,,,,,,,,,,,,,,,,,,,,,,,,,,,,,,,,,,,,,
,,,,,,,,,,,,,,,,,,,,,,,,,,,,,,,,,,,,,,,
"Source: Statistics Canada, Labour Force Survey (unpublished data). Reproduced and distributed on an ""as is"" basis with the permission of Statistics Canada.
",,,,,,,,,,,,,,,,,,,,,,,,,,,,,,,,,,,,,,,
Prepared by BC Stats January 2020,,,,,,,,,,,,,,,,,,,,,,,,,,,,,,,,,,,,,,,
